loss,accuracy,val_loss,val_accuracy,epoch
2.33906626701355,0.2858542203903198,1.6514350175857544,0.5325490236282349,1
1.2887709140777588,0.5683777332305908,1.1521896123886108,0.6635293960571289,2
