loss,accuracy,val_loss,val_accuracy,epoch
0.8250157237052917,0.714929461479187,0.4927860200405121,0.8219608068466187,1
0.3376494348049164,0.8730407357215881,0.3628973662853241,0.8635293841362,2
